profile_pic,num_followers,num_following,num_posts,bio_length,account_age_days,has_url,avg_likes,avg_comments,username_length,has_numbers_in_username,follower_following_ratio,is_fake
1,5241,1774,30,122,181,0,340,12,12,0,2.9527,0
1,819,393,423,57,445,0,286,34,14,0,2.0787,0
1,9324,560,179,34,249,0,455,45,11,1,16.6203,0
1,8888,70,338,37,447,1,23,10,14,0,125.1831,0
0,70,3056,7,14,35,1,3,1,22,1,0.0229,1
1,3893,1895,486,63,221,0,493,15,12,0,2.0533,0
1,7942,769,246,101,938,1,419,26,13,0,10.3143,0
0,2618,1417,138,82,1222,0,401,36,7,1,1.8463,0
1,6234,1101,144,91,839,0,57,24,12,0,5.657,0
1,9812,1010,236,120,1545,1,14,27,11,1,9.7052,0
1,5184,1931,51,143,1544,0,361,40,5,0,2.6832,0
1,7624,280,246,48,1119,1,336,23,6,0,27.1317,0
1,3677,1413,295,94,1723,1,357,26,11,1,2.6004,0
1,6826,677,470,22,1442,0,420,10,9,0,10.0678,0
1,8044,1447,169,115,1555,1,122,13,11,0,5.5552,0
1,748,162,11,149,279,0,494,33,5,0,4.589,0
0,89,2233,6,3,55,1,2,0,29,1,0.0398,1
1,7175,1980,249,116,1284,0,335,17,7,0,3.6219,0
0,66,646,3,6,52,1,1,1,15,1,0.102,1
0,30,4561,9,2,7,1,1,1,23,1,0.0066,1
1,4598,1110,169,28,1316,0,313,17,7,1,4.1386,0
1,1698,1493,431,123,1935,1,121,26,7,1,1.1365,0
1,2919,1236,217,87,860,1,313,21,12,0,2.3597,0
0,32,3235,2,13,30,1,4,0,20,1,0.0099,1
1,7072,1009,490,80,875,0,44,18,9,1,7.002,0
1,92,801,4,2,33,0,4,0,21,1,0.1147,1
1,5904,615,67,86,1955,0,123,33,10,0,9.5844,0
1,834,1177,426,62,305,0,486,43,11,0,0.708,0
1,7021,1579,400,76,95,1,330,9,7,0,4.4437,0
0,903,100,162,82,1273,0,323,23,5,0,8.9406,0
0,59,3160,0,7,53,0,3,0,21,0,0.0187,1
1,4192,916,320,71,715,1,133,43,7,1,4.5714,0
1,9611,790,483,136,1913,1,402,13,9,0,12.1504,0
0,95,1059,8,7,45,0,4,0,29,1,0.0896,1
0,25,2179,2,4,22,0,3,0,29,0,0.0115,1
1,75,3459,9,15,21,0,0,1,28,1,0.0217,1
1,2899,1253,232,115,828,1,13,17,12,1,2.3118,0
1,31,4046,3,11,50,0,0,0,27,1,0.0077,1
0,32,4413,1,18,50,1,0,1,22,1,0.0072,1
0,6,3767,9,17,45,1,3,0,19,1,0.0016,1
1,3017,241,236,118,1631,0,496,33,12,1,12.4669,0
1,3816,1598,288,118,932,0,378,21,13,0,2.3865,0
0,11,4671,8,6,28,1,3,0,24,1,0.0024,1
1,7242,997,388,72,1234,1,48,46,9,0,7.2565,0
1,9398,1236,224,94,717,1,18,11,14,0,7.5974,0
0,1241,219,402,46,693,0,38,38,10,1,5.6409,0
1,8741,1730,336,64,1215,0,261,32,7,1,5.0497,0
1,6027,1604,48,145,1534,0,251,29,14,1,3.7551,0
1,38,3572,2,12,28,1,3,0,23,1,0.0106,1
1,3677,734,169,80,874,1,383,22,9,0,5.0027,0
0,46,1756,0,13,15,0,4,1,20,1,0.0262,1
1,73,3283,7,5,12,0,4,1,24,0,0.0222,1
1,589,781,366,60,799,1,456,18,13,0,0.7532,0
0,28,3456,2,5,18,0,4,0,23,1,0.0081,1
1,4,1515,0,0,18,1,0,0,19,1,0.0026,1
1,4834,1534,426,117,164,1,394,22,11,1,3.1492,0
1,2,1960,6,4,53,1,1,0,15,1,0.001,1
1,4830,766,269,132,547,1,357,32,12,0,6.2973,0
1,820,1964,315,31,1137,1,487,31,13,0,0.4173,0
1,1302,902,407,85,134,0,431,35,10,0,1.4419,0
0,50,2517,3,5,33,1,3,1,21,1,0.0199,1
1,9,3972,9,16,20,0,1,1,19,1,0.0023,1
1,1956,160,258,99,154,1,409,9,8,0,12.1491,0
1,3316,716,102,80,693,0,286,6,6,0,4.6248,0
0,6426,573,355,65,605,0,227,46,13,0,11.1951,0
1,6543,156,328,67,1656,0,301,2,12,1,41.6752,0
1,688,105,223,33,533,1,87,25,6,1,6.4906,0
1,5176,1076,120,126,1834,0,283,39,7,0,4.8059,0
1,8955,1112,450,36,1314,0,135,45,13,1,8.0458,0
1,8308,282,118,130,287,1,43,48,12,0,29.3569,0
1,2789,1355,329,78,936,0,386,34,9,0,2.0568,0
1,7036,1519,327,113,1690,0,146,4,7,0,4.6289,0
1,5,967,3,14,6,1,2,1,23,1,0.0052,1
1,6366,1373,142,89,1493,0,284,21,5,1,4.6332,0
1,9815,1878,391,119,904,1,170,7,6,0,5.2235,0
1,7091,62,177,149,1679,0,110,10,5,0,112.5556,0
1,3540,1679,104,68,1664,1,245,15,9,1,2.1071,0
0,34,3060,7,7,11,1,3,1,17,0,0.0111,1
0,25,3121,3,12,42,0,2,0,20,1,0.008,1
1,2242,1298,459,72,1699,0,48,7,10,0,1.7259,0
0,14,2535,6,3,29,0,0,0,19,1,0.0055,1
1,4662,1708,339,116,1201,1,168,48,8,0,2.7279,0
0,7,3728,3,11,45,1,2,0,18,1,0.0019,1
1,6216,864,355,65,422,0,150,41,6,0,7.1861,0
1,3581,1053,365,87,1216,1,337,43,5,0,3.3975,0
0,28,4033,7,8,22,1,0,1,19,1,0.0069,1
0,56,3572,5,18,40,1,0,0,23,1,0.0157,1
0,34,1074,3,10,38,0,1,0,16,1,0.0316,1
0,1255,713,34,107,1244,0,72,44,10,0,1.7577,0
1,4994,1157,370,137,401,0,198,41,5,0,4.3126,0
1,2532,1964,449,81,91,1,314,46,12,0,1.2885,0
1,6695,1037,122,133,1305,1,328,5,5,0,6.4499,0
1,4923,1531,476,129,221,1,96,29,6,1,3.2134,0
1,6004,492,264,91,1137,0,238,4,7,0,12.1785,0
0,2193,1161,87,51,1203,1,409,5,8,0,1.8873,0
1,993,56,339,26,1756,0,156,49,7,0,17.4211,0
1,6902,1989,20,149,766,1,405,21,9,0,3.4683,0
0,52,4077,5,11,24,0,2,1,21,1,0.0128,1
0,2623,570,49,44,1442,0,287,44,8,0,4.5937,0
0,36,574,5,17,21,1,0,1,16,1,0.0626,1
1,86,841,4,5,27,0,3,0,23,1,0.1021,1
1,3078,1549,199,141,1641,0,319,44,5,0,1.9858,0
0,20,4350,7,10,36,1,2,1,16,1,0.0046,1
0,55,2285,3,14,20,0,3,0,15,1,0.0241,1
1,203,1523,82,59,1100,1,70,44,12,0,0.1332,0
1,1302,157,181,121,925,0,110,45,5,0,8.2405,0
0,46,4607,7,18,8,1,0,0,19,1,0.01,1
0,88,4226,9,8,45,1,1,1,21,1,0.0208,1
1,440,1855,344,136,1602,0,185,9,6,0,0.2371,0
1,38,3542,1,9,39,0,2,1,26,1,0.0107,1
0,89,4778,6,11,39,0,0,1,27,1,0.0186,1
0,41,1631,1,2,42,1,2,0,27,1,0.0251,1
1,38,1313,3,16,29,0,3,0,22,1,0.0289,1
0,8240,1432,349,84,1772,0,151,31,6,0,5.7502,0
0,8946,998,472,92,458,0,353,5,14,1,8.955,0
1,856,1513,328,65,1427,1,342,35,13,1,0.5654,0
1,5479,934,252,129,1413,0,322,27,13,0,5.8599,0
0,4,553,6,16,9,1,1,0,27,1,0.0072,1
1,7362,265,12,32,1203,1,98,10,8,0,27.6767,0
1,7540,684,485,48,1732,0,235,13,14,1,11.0073,0
0,58,1483,5,7,59,1,1,1,20,1,0.0391,1
1,5118,642,123,59,1384,1,358,4,12,0,7.9596,0
1,1362,1335,225,99,1251,0,68,49,13,0,1.0195,0
1,4336,1740,431,26,192,1,323,32,11,0,2.4905,0
0,38,4498,1,3,2,1,4,1,21,0,0.0084,1
1,2114,409,232,117,759,0,374,36,10,0,5.1561,0
1,1485,621,344,56,1048,1,413,33,8,0,2.3875,0
1,9159,450,403,137,764,0,129,19,6,1,20.3082,0
0,98,2928,6,10,33,0,2,0,24,0,0.0335,1
1,8757,1172,406,58,1354,1,166,12,8,1,7.4655,0
0,74,4278,0,11,56,0,4,0,19,1,0.0173,1
1,5676,1330,67,143,993,0,454,36,5,0,4.2645,0
1,2305,1612,81,79,489,0,102,9,6,1,1.429,0
0,52,4399,9,2,20,1,0,1,28,1,0.0118,1
0,8,1516,5,1,24,0,4,0,22,1,0.0053,1
0,94,665,8,0,38,1,2,1,17,0,0.1411,1
1,5841,1536,89,73,1169,0,170,11,12,0,3.8003,0
1,1999,638,125,122,253,1,99,47,14,1,3.1283,0
1,1945,366,460,142,1985,1,82,40,13,1,5.2997,0
1,61,1607,6,10,20,0,1,1,24,1,0.0379,1
1,4159,1020,475,31,146,1,34,46,7,0,4.0735,0
0,7,4304,6,18,44,0,1,0,20,1,0.0016,1
1,8996,84,454,112,1290,0,341,31,9,1,105.8353,0
0,3,3279,3,17,49,0,0,1,24,1,0.0009,1
1,9683,981,271,58,814,1,255,13,7,0,9.8605,0
1,98,4091,3,15,30,0,3,1,28,1,0.0239,1
0,4698,367,325,144,1706,1,240,26,8,0,12.7663,0
1,8269,115,172,24,1532,1,449,37,11,0,71.2845,0
0,319,641,467,112,1861,1,370,2,9,0,0.4969,0
1,63,1807,8,10,37,0,3,0,15,1,0.0348,1
0,78,2425,3,17,14,0,4,1,24,0,0.0322,1
1,5228,886,170,31,549,0,251,25,6,0,5.894,0
0,55,3749,6,11,38,0,4,1,16,1,0.0147,1
1,0,1514,7,5,5,1,1,0,21,1,0.0,1
0,7755,1721,312,132,647,0,354,47,8,0,4.5035,0
1,3174,1377,78,124,1685,0,459,7,13,1,2.3033,0
1,76,3730,8,10,4,1,3,1,17,1,0.0204,1
1,82,1888,0,6,25,0,0,1,24,1,0.0434,1
0,88,1940,0,16,35,0,1,0,17,0,0.0453,1
1,8,1526,4,7,48,1,3,0,27,1,0.0052,1
1,8284,993,352,89,1897,1,388,44,9,0,8.334,0
1,5293,448,290,55,774,0,333,22,10,0,11.7884,0
1,8614,1637,36,54,1731,0,429,31,6,0,5.2589,0
1,93,4030,6,11,10,1,0,1,27,1,0.0231,1
0,6,2345,0,11,56,0,2,0,21,1,0.0026,1
1,3147,570,280,29,1043,1,134,43,12,1,5.5114,0
1,5749,99,161,38,1695,1,211,26,6,1,57.49,0
1,9826,532,117,138,720,0,441,38,7,0,18.4353,0
1,1150,558,450,21,1403,0,94,19,7,0,2.0572,0
1,6652,1048,289,65,1614,1,111,43,11,1,6.3413,0
1,7893,1972,82,116,1974,0,496,5,5,1,4.0005,0
0,31,3323,5,7,50,1,3,0,24,1,0.0093,1
1,1,3161,0,2,34,0,3,1,20,1,0.0003,1
0,30,3874,8,15,42,0,0,0,26,1,0.0077,1
1,15,736,6,18,40,0,3,1,22,1,0.0204,1
0,69,2266,0,15,12,1,1,0,28,0,0.0304,1
1,2458,390,267,94,894,0,416,27,8,1,6.2864,0
1,4487,1389,110,31,1322,0,175,19,7,0,3.2281,0
1,3188,1921,16,33,132,0,172,3,6,0,1.6587,0
0,9,2485,8,0,36,1,0,1,20,1,0.0036,1
1,7095,1098,150,136,541,0,491,5,13,0,6.4559,0
1,8784,895,29,79,506,1,358,44,6,0,9.8036,0
0,6538,691,391,30,749,0,65,16,13,0,9.448,0
0,1229,239,380,26,1163,1,106,5,8,1,5.1208,0
0,51,3792,3,3,38,0,4,1,29,1,0.0134,1
1,1599,504,238,105,1728,0,395,28,9,0,3.1663,0
1,8043,1961,432,84,1096,0,251,46,9,0,4.0994,0
0,8706,1044,197,71,1851,0,291,5,6,0,8.3311,0
0,92,1959,5,9,21,1,0,0,15,1,0.0469,1
1,47,1620,9,17,58,0,4,1,25,1,0.029,1
1,7138,128,410,106,915,1,78,33,5,0,55.3333,0
0,3506,1694,444,36,1728,1,241,32,8,0,2.0684,0
0,27,1062,9,4,5,1,1,1,29,0,0.0254,1
0,24,2876,1,14,50,0,3,1,18,1,0.0083,1
0,61,869,9,3,12,0,1,1,27,1,0.0701,1
1,97,1022,9,14,17,1,0,0,22,1,0.0948,1
1,2511,1798,181,51,1518,1,385,22,7,0,1.3958,0
1,4925,1306,440,37,208,1,158,9,12,0,3.7682,0
0,8839,711,244,108,593,1,278,19,6,0,12.4143,0
1,94,1986,2,11,13,0,4,0,15,1,0.0473,1
1,2510,1103,304,127,1450,1,238,48,12,0,2.2736,0
1,9526,564,458,123,1566,1,371,35,13,0,16.8602,0
0,26,3637,8,15,13,0,3,1,24,1,0.0071,1
1,1087,1706,427,140,1103,0,252,32,11,0,0.6368,0
1,9646,1205,29,43,1073,1,302,39,9,0,7.9983,0
0,5941,237,66,39,332,1,13,30,7,0,24.9622,0
1,4009,815,33,101,1998,0,69,20,5,0,4.913,0
1,591,1387,495,136,986,1,28,49,8,0,0.4258,0
0,62,2151,0,14,11,1,4,0,15,1,0.0288,1
1,8640,1783,56,97,183,0,146,27,9,0,4.843,0
1,5118,1692,122,113,313,1,207,18,7,1,3.023,0
1,8049,98,414,93,763,1,79,27,8,0,81.303,0
1,23,3884,3,5,41,0,3,1,26,1,0.0059,1
0,84,1931,9,6,35,0,1,1,20,1,0.0435,1
0,72,2219,3,17,58,0,4,1,16,1,0.0324,1
1,721,1833,212,139,955,1,174,22,6,0,0.3931,0
0,48,2438,2,11,57,0,0,1,19,1,0.0197,1
1,3112,338,90,80,632,1,451,44,13,1,9.1799,0
1,1567,247,107,84,901,0,11,23,13,0,6.3185,0
1,3800,1159,85,107,1377,1,147,36,7,1,3.2759,0
1,9419,432,77,129,943,1,385,41,9,0,21.7529,0
1,7598,1050,177,77,1879,1,456,3,13,0,7.2293,0
1,1627,1061,236,25,738,1,98,44,7,0,1.532,0
1,57,1993,485,60,223,0,81,10,12,0,0.0286,0
1,2872,897,396,128,318,1,372,41,10,0,3.1982,0
1,662,977,389,126,672,1,463,47,10,1,0.6769,0
1,7233,1202,72,128,1970,0,167,14,6,0,6.0125,0
0,26,2060,2,0,4,1,1,1,28,1,0.0126,1
0,8,1895,5,17,6,1,3,0,25,1,0.0042,1
0,87,1654,9,15,21,0,1,1,15,1,0.0526,1
1,5483,1148,450,42,1259,1,282,6,7,0,4.772,0
0,98,1435,7,14,39,0,3,1,15,1,0.0682,1
1,6709,491,418,66,1889,0,30,36,13,0,13.6362,0
1,75,892,2,12,15,0,0,1,25,0,0.084,1
1,6751,599,151,119,560,1,44,20,8,0,11.2517,0
0,1800,711,441,102,1705,1,435,20,13,1,2.5281,0
0,72,3310,6,18,47,0,4,0,18,0,0.0217,1
0,1812,1050,452,97,281,1,77,29,12,1,1.7241,0
1,3248,1328,192,35,536,1,441,31,7,0,2.4439,0
0,20,1848,3,4,3,0,4,0,23,1,0.0108,1
1,87,3027,0,7,45,1,3,1,26,1,0.0287,1
1,6798,455,241,40,1902,1,166,5,11,0,14.9079,0
1,8820,903,203,110,1010,1,81,24,10,0,9.7566,0
1,4925,311,227,46,1731,0,371,2,13,0,15.7853,0
1,5460,1505,246,103,1907,1,198,39,5,0,3.6255,0
0,5037,914,99,58,400,1,201,43,10,1,5.5049,0
0,4698,1602,353,40,878,1,192,42,11,0,2.9308,0
1,76,2674,0,7,44,1,4,0,27,1,0.0284,1
1,6296,1037,259,27,1236,1,352,31,11,0,6.0655,0
0,67,1489,0,3,18,0,3,1,18,1,0.045,1
1,5939,1008,294,124,261,0,340,14,14,0,5.886,0
1,7768,1613,268,103,513,0,11,30,10,1,4.8129,0
1,40,4593,2,10,1,0,1,0,19,1,0.0087,1
1,1481,1578,303,47,336,1,155,37,7,0,0.9379,0
1,3309,1437,363,51,1534,1,181,16,13,0,2.3011,0
1,1191,1685,389,53,499,0,16,5,9,1,0.7064,0
1,3323,1517,411,145,454,0,303,6,12,0,2.1891,0
1,1104,1461,122,128,1517,1,385,25,7,1,0.7551,0
0,4508,497,484,70,1901,0,134,16,9,0,9.0522,0
0,41,623,4,2,23,0,1,1,23,1,0.0657,1
1,5669,1986,118,41,127,1,498,14,6,0,2.853,0
1,9619,1489,118,70,821,0,439,45,9,1,6.4557,0
1,1677,1353,134,130,925,1,444,18,7,1,1.2386,0
0,18,4760,6,7,28,1,4,1,20,1,0.0038,1
1,10,2345,5,10,39,0,0,1,18,1,0.0043,1
1,932,196,163,67,679,1,361,7,11,0,4.731,0
1,2504,448,420,101,663,1,248,5,11,1,5.5768,0
1,165,990,346,100,940,0,337,20,10,0,0.1665,0
1,1774,336,217,133,539,1,223,44,7,0,5.2641,0
1,2049,1277,203,54,755,1,231,48,7,1,1.6033,0
1,70,1041,6,2,1,0,4,0,29,0,0.0672,1
1,72,3698,0,3,35,1,0,1,28,1,0.0195,1
0,74,3926,7,2,14,1,4,1,16,0,0.0188,1
1,5235,985,154,138,221,1,153,39,6,0,5.3093,0
1,2605,1363,304,139,1977,0,127,30,11,0,1.9098,0
1,486,830,30,72,1870,1,223,32,5,1,0.5848,0
0,99,2089,3,19,32,0,1,1,28,1,0.0474,1
0,62,2807,6,7,18,0,1,1,22,1,0.0221,1
1,7808,1514,488,112,1237,1,223,39,5,0,5.1538,0
0,68,1388,8,0,43,0,2,1,26,1,0.049,1
1,82,2724,5,15,56,1,4,0,24,0,0.0301,1
1,7144,955,184,42,1808,1,22,38,5,0,7.4728,0
1,4938,1679,210,40,1935,1,149,38,14,0,2.9393,0
1,9265,1626,364,66,1579,0,471,36,13,0,5.6945,0
0,12,2578,1,15,9,1,2,1,22,1,0.0047,1
1,33,4476,7,7,7,0,2,1,20,1,0.0074,1
1,1511,1138,365,40,1335,0,22,11,9,0,1.3266,0
0,36,3673,7,1,22,1,1,0,23,1,0.0098,1
1,5029,1609,38,141,1271,0,330,21,11,1,3.1236,0
0,57,4366,5,9,59,0,0,1,19,1,0.0131,1
1,8274,104,451,26,815,1,21,17,9,0,78.8,0
1,72,2707,7,0,23,1,4,1,25,1,0.0266,1
1,5395,461,214,98,1207,1,227,5,14,1,11.6775,0
1,9221,483,340,51,599,1,26,27,11,0,19.0517,0
1,44,960,4,7,40,1,3,0,25,1,0.0458,1
0,53,2223,8,14,31,1,1,1,15,1,0.0238,1
1,2345,1639,170,34,795,1,286,47,9,0,1.4299,0
1,77,2849,2,5,29,0,4,0,26,1,0.027,1
1,10,4063,5,8,16,1,3,1,22,1,0.0025,1
0,10,856,8,17,19,0,1,1,20,0,0.0117,1
1,97,1796,4,15,2,1,4,1,22,1,0.054,1
1,7644,1112,90,103,1683,1,102,23,13,1,6.8679,0
0,27,4509,4,9,40,1,2,1,19,1,0.006,1
1,1246,59,237,28,1521,0,164,35,7,0,20.7667,0
1,9221,453,126,113,1758,0,368,28,14,0,20.3106,0
0,83,1192,1,3,1,0,1,1,27,1,0.0696,1
1,9306,154,398,141,1276,0,363,46,13,1,60.0387,0
1,710,148,85,45,1966,0,197,8,11,1,4.7651,0
0,3,3338,9,19,15,0,4,0,22,0,0.0009,1
1,4620,885,387,34,480,1,376,25,12,0,5.2144,0
1,23,4573,3,2,34,1,4,1,18,1,0.005,1
1,8047,730,322,73,1409,0,147,41,11,0,11.0082,0
1,8625,1764,351,66,903,0,429,48,13,1,4.8867,0
1,2799,918,34,131,1494,0,194,49,10,0,3.0457,0
1,8551,710,465,35,1654,1,435,11,6,1,12.0267,0
1,2882,1909,57,130,212,0,366,39,5,0,1.5089,0
1,7411,153,280,115,1506,1,10,48,11,0,48.1234,0
0,33,1180,8,12,6,0,3,0,17,0,0.0279,1
0,54,4787,0,16,3,0,3,1,18,1,0.0113,1
1,2585,127,323,52,1353,1,256,5,12,1,20.1953,0
0,48,2886,4,0,5,1,4,1,28,1,0.0166,1
1,1531,1162,157,114,511,1,11,23,7,0,1.3164,0
1,8616,500,123,35,1074,1,219,17,12,0,17.1976,0
1,189,1474,399,116,576,1,343,6,10,0,0.1281,0
0,3610,68,223,142,1533,0,176,5,5,0,52.3188,0
0,13,3974,5,19,29,0,1,0,23,0,0.0033,1
1,567,1643,334,81,740,1,483,21,13,0,0.3449,0
0,6291,1418,300,21,1719,1,175,23,14,0,4.4334,0
0,6213,602,447,127,462,1,376,3,9,0,10.3035,0
0,9,4668,0,15,6,0,3,0,26,0,0.0019,1
1,6459,870,88,78,721,1,414,23,8,1,7.4156,0
0,44,1591,6,16,9,0,0,1,18,1,0.0276,1
1,5,675,5,16,10,0,1,0,18,1,0.0074,1
0,14,4176,8,18,56,0,2,0,23,1,0.0034,1
0,22,1634,3,14,33,0,4,0,16,0,0.0135,1
1,1387,1234,340,35,397,0,147,19,10,0,1.1231,0
1,2043,919,330,139,662,1,188,47,14,0,2.2207,0
1,344,1442,453,47,924,1,146,19,12,1,0.2384,0
1,5357,791,177,133,1335,0,344,29,6,1,6.7639,0
1,7402,1278,269,80,934,1,333,29,5,1,5.7873,0
1,7602,1687,47,104,1067,1,211,29,9,1,4.5036,0
1,82,1302,3,4,1,0,3,0,22,1,0.0629,1
1,3977,202,246,74,1897,1,361,6,8,0,19.5911,0
1,7074,1286,326,25,1070,1,48,23,13,1,5.4965,0
1,86,3442,5,8,29,0,4,1,28,1,0.025,1
1,3737,646,459,127,1101,0,255,34,5,0,5.7759,0
1,9,3567,2,3,34,0,3,0,28,0,0.0025,1
1,3503,461,161,91,422,1,184,34,5,0,7.5823,0
1,64,2448,1,1,51,0,0,1,27,1,0.0261,1
1,4977,1390,422,58,699,1,26,8,9,1,3.578,0
1,52,692,0,16,43,0,4,0,29,1,0.075,1
1,9409,74,319,92,691,1,102,23,13,0,125.4533,0
1,767,1486,348,34,958,0,439,31,13,1,0.5158,0
0,95,4219,5,5,12,0,3,0,26,1,0.0225,1
0,76,3104,5,14,20,1,2,1,27,1,0.0245,1
1,5676,1645,381,94,1205,0,105,28,6,0,3.4484,0
0,7341,1555,326,67,1492,1,210,38,11,0,4.7179,0
0,82,543,6,8,28,0,1,0,21,1,0.1507,1
1,539,1558,254,81,997,0,454,14,10,0,0.3457,0
1,7454,1004,395,113,793,1,309,12,5,0,7.4169,0
1,4936,707,327,132,443,1,248,4,10,1,6.9718,0
1,6161,205,414,141,1705,0,365,8,10,0,29.9078,0
1,95,2314,6,5,24,0,4,1,26,0,0.041,1
1,2631,1143,390,115,1758,1,325,47,6,1,2.2998,0
1,8142,504,113,96,289,0,273,12,5,0,16.1228,0
0,9917,348,454,50,1174,1,467,4,7,0,28.4155,0
1,2900,1061,468,67,560,0,175,32,12,0,2.7307,0
0,78,4339,9,2,3,1,4,0,24,1,0.018,1
1,8260,732,459,93,632,0,285,49,7,1,11.2688,0
1,2637,1782,200,78,960,1,277,5,10,1,1.479,0
0,74,4883,1,17,56,1,4,1,19,0,0.0152,1
1,53,3005,5,18,1,1,3,0,29,1,0.0176,1
1,4799,1507,413,131,434,0,216,13,12,1,3.1824,0
0,55,589,1,4,49,0,3,1,24,1,0.0932,1
1,7225,1102,305,147,399,1,153,47,11,0,6.5503,0
0,26,3827,8,2,51,0,1,0,29,1,0.0068,1
1,93,4356,9,18,46,0,1,0,26,0,0.0213,1
0,2825,955,425,71,842,0,396,38,13,1,2.955,0
1,6076,159,201,112,921,0,147,40,5,0,37.975,0
1,5507,215,392,107,1978,0,287,3,11,1,25.4954,0
0,63,1789,7,13,24,1,3,1,21,0,0.0352,1
1,4970,1512,115,28,849,1,185,19,7,1,3.2849,0
0,78,2026,6,12,17,1,3,1,25,1,0.0385,1
1,3965,1501,47,90,820,1,27,17,11,0,2.6398,0
1,2585,1982,374,100,1312,1,86,27,10,0,1.3036,0
1,1745,1260,495,139,279,0,460,29,7,0,1.3838,0
0,37,2794,7,5,14,0,1,0,25,1,0.0132,1
0,68,807,8,8,31,0,1,1,21,1,0.0842,1
0,41,775,3,12,17,0,0,0,29,0,0.0528,1
1,5900,158,288,91,1859,1,120,14,11,0,37.1069,0
1,1,3305,1,16,30,1,1,0,28,1,0.0003,1
0,1697,1640,346,135,202,1,211,45,9,0,1.0341,0
1,2746,1767,376,20,1127,0,107,17,13,0,1.5532,0
1,5098,953,81,31,1404,1,51,12,11,0,5.3438,0
0,92,2248,4,7,23,1,1,1,19,1,0.0409,1
0,4372,1444,148,107,876,0,459,41,7,0,3.0256,0
1,1101,1623,128,56,1454,1,223,27,5,0,0.678,0
0,31,3676,3,13,19,0,2,1,22,1,0.0084,1
0,47,3156,7,15,50,1,3,0,23,1,0.0149,1
0,13,3296,8,1,3,0,1,0,24,1,0.0039,1
1,4297,1078,204,46,523,1,172,13,13,0,3.9824,0
1,2448,483,349,106,1771,1,138,26,6,0,5.0579,0
1,5602,677,223,135,353,1,259,47,8,1,8.2625,0
0,4,2617,0,10,48,0,3,0,16,0,0.0015,1
0,63,2486,7,17,10,0,0,1,21,1,0.0253,1
0,52,810,4,12,38,0,0,0,16,1,0.0641,1
1,2061,157,341,109,776,1,456,29,14,1,13.0443,0
1,1769,1568,171,50,1647,0,394,23,12,1,1.1275,0
1,6887,1499,414,98,1292,0,108,46,12,0,4.5913,0
1,8898,215,346,97,488,1,375,15,12,1,41.1944,0
0,30,1768,7,2,6,1,1,0,21,1,0.017,1
1,4535,759,68,36,1332,1,22,8,11,0,5.9671,0
0,34,2966,2,19,36,1,1,1,26,1,0.0115,1
0,49,2902,3,12,6,1,4,1,29,1,0.0169,1
1,4877,1985,199,109,1367,1,203,32,7,0,2.4557,0
1,3608,1630,459,27,642,1,380,40,14,0,2.2121,0
0,8899,931,206,136,792,0,107,44,11,1,9.5483,0
1,2591,669,13,112,978,1,115,19,12,0,3.8672,0
1,9271,673,385,142,506,0,148,44,5,0,13.7552,0
1,9220,1974,425,54,1617,0,159,49,11,0,4.6684,0
0,59,2623,6,13,33,0,2,0,23,0,0.0225,1
0,46,3431,6,1,45,0,0,1,28,1,0.0134,1
0,40,1548,2,19,48,0,2,0,25,1,0.0258,1
0,80,3441,1,11,57,0,2,0,15,0,0.0232,1
1,15,930,9,11,13,0,1,1,25,1,0.0161,1
1,1952,1960,439,82,1059,0,150,44,5,0,0.9954,0
1,8761,1910,99,55,855,0,184,13,9,0,4.5845,0
1,6174,1253,133,144,1376,1,408,37,8,0,4.9234,0
1,7528,1061,294,44,897,0,395,23,6,0,7.0885,0
1,4616,83,150,81,1969,0,31,48,8,0,54.9524,0
1,6432,1408,450,28,1371,1,347,6,8,0,4.5649,0
0,1909,1038,309,53,648,1,115,32,11,0,1.8373,0
1,5358,464,348,114,1264,1,196,11,6,0,11.5226,0
0,15,744,7,0,11,0,3,0,24,1,0.0201,1
1,1421,1041,330,66,1264,1,395,43,12,0,1.3637,0
1,9059,1244,340,31,254,1,378,3,5,0,7.2763,0
1,7895,1869,290,115,1464,1,307,41,5,0,4.2219,0
0,36,1769,5,19,50,0,0,1,16,0,0.0203,1
1,7290,637,355,29,1947,1,185,21,11,0,11.4263,0
1,1459,1744,66,97,1277,0,21,38,8,0,0.8361,0
0,7875,1801,407,147,373,1,463,37,8,1,4.3701,0
1,55,3276,0,12,36,1,2,0,27,1,0.0168,1
1,5924,1535,240,100,1064,1,326,8,5,1,3.8568,0
0,26,871,6,7,59,0,2,0,19,1,0.0298,1
1,2287,849,433,54,1728,1,335,26,10,0,2.6906,0
0,71,1770,0,19,44,0,2,0,29,1,0.0401,1
0,2625,660,29,65,252,0,446,48,5,0,3.9713,0
0,28,3494,0,2,35,1,3,1,18,1,0.008,1
1,18,670,8,19,47,1,2,0,22,0,0.0268,1
0,25,4490,8,19,56,0,2,1,29,1,0.0056,1
1,2707,476,284,135,801,1,229,2,7,1,5.6751,0
1,425,312,276,122,1400,1,405,27,10,0,1.3578,0
1,3942,649,217,140,1352,1,127,5,5,0,6.0646,0
1,7432,478,288,47,806,1,35,26,10,0,15.5157,0
1,3668,847,357,36,1022,1,423,30,12,1,4.3255,0
1,6769,1319,253,83,1170,1,16,23,5,1,5.128,0
1,440,1569,390,69,801,1,170,2,9,0,0.2803,0
1,8743,779,269,20,130,1,466,36,12,0,11.209,0
0,42,2369,8,17,28,0,2,0,25,1,0.0177,1
0,4449,991,483,58,1572,1,167,23,6,0,4.4849,0
1,52,4850,6,0,58,1,1,0,20,1,0.0107,1
1,9366,1987,104,120,1625,1,42,11,9,1,4.7113,0
0,20,1343,6,0,43,0,1,1,21,1,0.0149,1
1,9948,1795,245,127,1690,1,77,19,8,0,5.539,0
0,43,4978,5,9,25,0,4,0,25,1,0.0086,1
1,8461,228,128,28,1013,0,425,6,11,1,36.9476,0
1,9131,1856,464,142,1962,0,275,29,7,0,4.9171,0
1,3188,953,17,141,399,1,188,22,7,0,3.3417,0
1,3617,58,325,97,1416,0,336,16,11,0,61.3051,0
1,9693,50,275,129,1795,0,482,13,13,0,190.0588,0
1,7130,469,386,42,230,1,462,44,13,0,15.1702,0
1,1392,1514,101,75,1238,1,146,41,8,0,0.9188,0
1,2081,372,419,25,1875,0,103,46,9,0,5.5791,0
1,9331,862,379,82,647,0,123,48,13,0,10.8123,0
0,25,4969,7,8,1,0,2,1,26,1,0.005,1
1,3012,1613,388,145,1260,1,108,35,7,0,1.8662,0
0,53,4579,2,12,46,0,4,1,22,0,0.0116,1
1,676,113,352,126,978,1,86,44,6,0,5.9298,0
1,5064,1932,310,107,1966,1,444,43,11,1,2.6198,0
1,4390,158,322,50,592,1,121,46,5,0,27.6101,0
1,8269,986,459,44,117,0,143,12,13,0,8.3779,0
1,2931,1241,268,136,1438,0,28,19,5,0,2.3599,0
1,2098,202,438,145,550,1,409,35,7,1,10.335,0
0,72,2164,9,18,33,0,3,1,21,1,0.0333,1
1,2118,1707,79,115,932,0,48,32,14,1,1.24,0
0,87,2279,8,14,4,1,0,0,23,1,0.0382,1
1,6058,1893,78,24,847,1,120,3,8,1,3.1985,0
0,7,566,8,10,35,1,1,0,18,1,0.0123,1
0,72,698,1,6,40,1,4,0,27,1,0.103,1
1,88,1298,1,19,44,0,4,1,23,1,0.0677,1
1,1655,1780,195,118,653,0,349,6,7,0,0.9293,0
1,3439,193,393,124,383,1,448,36,11,0,17.7268,0
0,29,2852,8,15,47,0,2,1,16,1,0.0102,1
1,62,2720,6,9,34,0,1,0,20,1,0.0228,1
1,7087,1555,293,94,1249,0,444,27,9,0,4.5546,0
1,6372,1861,121,78,1410,0,394,30,12,0,3.4221,0
1,3879,286,113,26,342,1,473,39,11,0,13.5157,0
1,6054,739,72,146,268,1,398,49,7,1,8.1811,0
1,496,1441,262,80,474,0,389,25,8,0,0.344,0
1,5504,1152,79,46,330,1,256,9,7,0,4.7736,0
0,95,2224,3,16,13,1,3,1,23,0,0.0427,1
1,4048,1777,262,57,73,1,319,3,5,0,2.2767,0
0,83,3144,4,2,37,1,1,1,15,0,0.0264,1
0,646,1555,359,100,1058,1,78,21,7,0,0.4152,0
1,6003,314,372,119,1425,1,287,35,11,1,19.0571,0
1,70,1012,7,3,4,0,2,0,25,1,0.0691,1
0,99,4153,1,17,42,0,0,0,22,1,0.0238,1
1,344,238,435,98,717,1,295,35,14,0,1.4393,0
0,6,4077,0,3,46,0,1,0,27,1,0.0015,1
0,1917,1371,444,147,591,1,431,9,5,1,1.3972,0
1,8324,1031,328,79,670,0,486,23,8,1,8.0659,0
0,64,2659,1,16,38,0,0,0,28,1,0.0241,1
0,56,2005,2,17,1,1,4,1,19,0,0.0279,1
1,9793,541,388,80,1137,0,345,29,5,1,18.0683,0
0,584,1464,437,90,167,0,311,46,8,1,0.3986,0
1,51,1083,443,144,1164,1,335,23,13,0,0.047,0
1,9463,260,411,64,1180,0,419,14,11,0,36.2567,0
1,35,3168,6,4,2,1,0,1,21,1,0.011,1
1,2510,595,106,90,574,1,296,19,11,1,4.2114,0
1,2615,1176,19,90,1173,1,237,22,5,0,2.2218,0
0,50,4651,8,14,27,1,2,1,24,0,0.0107,1
1,3722,1288,453,41,1595,1,490,12,14,1,2.8875,0
0,4186,478,353,129,1203,1,225,38,13,0,8.739,0
1,3770,885,346,36,176,1,103,41,14,1,4.2551,0
1,201,635,374,37,1637,0,110,46,6,0,0.316,0
0,3,3776,4,18,26,1,0,1,24,1,0.0008,1
1,2,3357,2,16,44,1,0,1,29,1,0.0006,1
1,71,4201,6,13,46,0,4,1,28,1,0.0169,1
0,193,491,209,111,1217,1,345,8,13,0,0.3923,0
1,7378,587,130,64,783,0,445,5,14,1,12.5476,0
1,9405,779,53,32,1673,0,107,45,14,0,12.0577,0
0,1530,136,88,42,1420,1,389,3,8,1,11.1679,0
0,39,2035,3,13,16,0,3,0,28,0,0.0192,1
0,11,4775,5,18,40,0,2,1,18,1,0.0023,1
1,8684,1142,20,141,640,1,302,10,7,0,7.5976,0
0,1222,938,276,91,1701,1,44,15,11,1,1.3014,0
0,33,3740,9,16,17,1,2,0,26,0,0.0088,1
1,5254,263,130,101,256,0,21,18,14,0,19.9015,0
1,3568,1514,392,92,1085,1,148,37,14,1,2.3551,0
1,9115,509,262,33,811,1,478,23,9,0,17.8725,0
1,7048,184,402,148,469,1,255,45,10,0,38.0973,0
0,16,741,5,18,10,1,4,1,20,1,0.0216,1
1,8169,781,322,115,1899,0,83,47,13,1,10.4463,0
1,4988,840,235,76,239,1,352,30,11,0,5.931,0
0,32,2776,1,19,35,1,4,1,16,1,0.0115,1
1,358,955,352,32,1891,1,51,20,6,0,0.3745,0
1,3431,1793,330,43,605,0,401,19,13,0,1.9125,0
0,9604,1870,268,109,675,1,259,13,6,0,5.1331,0
0,85,3519,1,4,7,1,3,1,21,1,0.0241,1
0,12,3901,3,12,41,0,1,0,24,1,0.0031,1
0,98,754,3,5,1,0,3,1,27,0,0.1298,1
1,6430,1058,228,142,1227,0,264,5,12,0,6.0718,0
0,8125,1675,366,116,1815,1,334,29,12,0,4.8479,0
0,57,3137,9,5,4,1,0,1,19,1,0.0182,1
1,6871,448,270,102,241,0,405,5,6,0,15.3029,0
1,3731,1493,110,28,632,1,436,36,13,0,2.4973,0
0,40,933,9,15,12,0,1,1,15,0,0.0428,1
1,5001,1759,179,109,620,0,416,23,8,1,2.8415,0
1,9139,1634,481,145,1050,1,376,41,7,0,5.5896,0
0,89,3651,8,14,13,1,3,1,28,1,0.0244,1
0,85,3564,1,16,12,0,3,0,26,1,0.0238,1
0,78,2698,4,14,17,0,4,0,28,1,0.0289,1
1,8260,414,309,26,1844,0,77,35,6,0,19.9036,0
0,76,4826,4,9,10,1,3,1,17,1,0.0157,1
1,3199,134,39,68,1860,0,67,32,8,0,23.6963,0
0,3605,1379,170,97,1075,1,230,44,5,1,2.6123,0
1,5042,1144,451,40,151,1,321,47,11,0,4.4035,0
1,1862,1603,440,76,1688,1,362,2,7,1,1.1608,0
1,9418,688,246,74,1519,0,363,22,12,1,13.6691,0
0,76,2748,0,1,19,1,1,1,25,1,0.0276,1
1,624,623,109,38,1612,0,475,8,5,1,1.0,0
0,4042,1782,167,48,255,1,23,6,6,0,2.267,0
0,29,843,2,16,1,0,3,0,29,0,0.0344,1
1,7428,1438,85,84,784,0,138,11,11,0,5.1619,0
1,7244,1805,27,101,487,1,488,35,11,0,4.0111,0
1,2490,762,209,54,653,0,229,31,8,1,3.2634,0
1,2291,284,215,42,875,1,175,5,12,0,8.0386,0
0,4,4773,9,5,12,0,1,1,29,1,0.0008,1
0,61,2002,2,6,55,0,1,1,27,1,0.0305,1
1,1151,375,187,120,1499,0,223,23,14,0,3.0612,0
1,4802,1592,278,139,1917,0,240,25,5,0,3.0144,0
1,8,3270,4,5,4,1,2,0,18,1,0.0024,1
1,9744,1129,117,59,520,1,343,14,10,0,8.623,0
0,2074,819,258,96,239,0,357,44,14,0,2.5293,0
1,2493,777,78,103,1698,1,306,46,12,0,3.2044,0
1,689,222,44,22,1971,0,20,8,9,0,3.0897,0
0,71,3090,6,12,2,1,3,0,16,1,0.023,1
1,5726,444,335,144,1174,1,175,3,10,0,12.8674,0
0,9849,1750,58,71,1372,1,248,6,11,1,5.6248,0
1,9073,699,88,142,747,1,96,34,10,0,12.9614,0
1,1982,730,473,78,1920,1,190,40,8,0,2.7114,0
1,972,1995,137,26,1509,1,196,39,9,1,0.487,0
1,25,850,2,8,29,1,1,0,21,1,0.0294,1
1,2469,1596,106,121,1525,0,490,22,11,1,1.546,0
0,74,4933,0,2,35,1,0,0,25,1,0.015,1
1,4355,175,457,88,836,1,197,39,14,0,24.7443,0
1,3616,887,186,109,1313,0,35,9,9,0,4.0721,0
0,36,758,3,14,31,1,2,0,16,1,0.0474,1
0,45,3323,0,6,38,0,2,1,29,0,0.0135,1
0,45,2578,1,15,9,0,1,1,27,1,0.0174,1
0,36,1338,6,8,40,0,3,1,20,1,0.0269,1
0,90,4811,9,18,49,1,3,1,21,1,0.0187,1
0,26,1581,1,8,53,1,1,1,18,1,0.0164,1
1,8555,1399,62,85,885,1,96,3,10,1,6.1107,0
0,64,4532,0,0,53,0,0,0,17,1,0.0141,1
1,5661,1886,419,96,508,0,467,36,12,0,3.0,0
0,80,1794,8,1,11,1,1,0,18,1,0.0446,1
1,5123,1555,112,60,1061,0,464,40,7,0,3.2924,0
0,47,3002,3,19,50,1,3,0,15,1,0.0157,1
1,2133,488,226,99,1909,1,334,23,12,0,4.362,0
0,5845,117,301,41,125,1,393,45,11,0,49.5339,0
1,7553,1261,168,92,538,1,110,3,8,0,5.9849,0
1,4075,920,451,21,814,0,132,38,6,0,4.4245,0
0,11,3960,0,9,32,1,0,0,27,1,0.0028,1
0,17,1552,1,13,25,0,1,0,29,1,0.0109,1
0,43,3802,2,18,50,0,4,1,16,1,0.0113,1
0,7191,510,205,138,1545,1,61,38,12,0,14.0724,0
0,30,2781,0,2,30,0,4,0,24,1,0.0108,1
1,4725,1610,188,63,734,1,402,3,10,0,2.933,0
1,5123,1918,119,88,117,0,339,44,13,1,2.6696,0
1,935,1640,332,22,85,1,417,7,14,1,0.5698,0
1,10,2394,1,17,21,1,3,1,26,1,0.0042,1
1,4400,430,389,49,1347,1,376,10,7,1,10.2088,0
0,78,4467,7,18,23,1,1,0,28,1,0.0175,1
1,7917,218,298,116,426,1,144,27,12,0,36.1507,0
1,25,4728,5,14,13,0,2,0,15,1,0.0053,1
1,3265,1790,48,149,1452,1,59,39,14,1,1.823,0
1,7035,1858,256,89,209,1,35,40,7,0,3.7843,0
0,49,1100,4,8,10,1,2,0,29,1,0.0445,1
1,57,2678,9,5,55,0,0,0,17,1,0.0213,1
1,6844,170,103,148,1174,0,38,19,13,0,40.0234,0
1,3220,1479,365,77,1257,1,152,32,14,1,2.1757,0
1,5841,113,252,21,1747,0,175,32,7,0,51.2368,0
0,24,1960,2,17,9,1,4,0,15,1,0.0122,1
0,43,855,0,7,58,1,3,0,26,1,0.0502,1
1,442,1158,276,88,670,1,459,25,5,0,0.3814,0
1,8173,80,20,106,1460,0,114,28,7,0,100.9012,0
1,2789,990,350,112,1103,1,47,21,6,0,2.8143,0
0,40,3284,0,18,5,1,3,1,23,0,0.0122,1
1,97,1728,8,14,54,1,4,1,29,1,0.0561,1
1,87,2469,3,15,50,0,4,0,24,1,0.0352,1
0,777,929,312,147,749,1,489,16,8,0,0.8355,0
1,3451,1353,475,68,205,1,99,6,11,0,2.5487,0
1,8674,1874,162,40,460,1,474,15,8,0,4.6261,0
0,81,2273,0,6,40,0,0,1,27,1,0.0356,1
1,33,1095,8,3,10,0,4,0,25,1,0.0301,1
1,1080,1345,236,35,1507,0,300,22,6,0,0.8024,0
1,4105,1356,413,85,1732,1,326,39,7,0,3.0251,0
1,9366,1271,310,45,1204,0,191,8,14,0,7.3632,0
1,3563,545,33,128,1786,1,34,33,8,0,6.5256,0
1,2605,276,329,91,975,1,95,20,9,0,9.4043,0
1,9240,149,487,106,462,0,424,44,9,0,61.6,0
0,1,4679,3,3,22,1,2,1,17,1,0.0002,1
1,9678,1212,238,37,498,0,407,11,7,1,7.9786,0
1,9176,1151,449,94,354,0,403,44,7,0,7.9653,0
1,7697,867,160,88,1343,0,465,10,13,1,8.8675,0
1,7161,292,250,100,614,0,15,23,7,1,24.4403,0
1,1472,456,422,100,1563,0,165,15,5,0,3.221,0
0,7500,899,353,139,339,0,177,48,10,0,8.3333,0
1,5482,1436,165,143,770,1,171,12,10,0,3.8149,0
1,81,3013,7,7,42,1,4,1,18,1,0.0269,1
1,29,3674,9,4,34,0,3,0,28,1,0.0079,1
1,4631,1717,499,127,1195,1,239,29,9,0,2.6956,0
1,6085,1668,249,143,1990,1,480,8,11,1,3.6459,0
1,2155,570,313,134,269,0,182,43,13,1,3.7741,0
1,2216,384,345,46,1699,0,333,20,9,0,5.7558,0
1,82,2294,4,8,18,1,1,1,20,1,0.0357,1
1,428,1295,267,130,1853,1,211,35,11,1,0.3302,0
0,5,1759,7,12,19,0,0,0,18,1,0.0028,1
1,7827,186,385,106,1502,1,472,21,6,1,41.8556,0
0,8393,1375,287,27,866,1,58,47,10,0,6.0996,0
0,1619,1937,88,146,332,1,375,17,13,0,0.8354,0
1,1771,902,206,29,1857,1,130,14,5,0,1.9612,0
1,1018,418,242,31,1989,0,186,26,10,0,2.4296,0
0,873,1433,394,75,177,1,295,13,12,0,0.6088,0
0,86,4218,5,10,56,0,4,1,25,0,0.0204,1
1,4376,923,71,109,291,1,363,46,11,0,4.7359,0
1,1,2962,1,14,31,0,0,1,24,1,0.0003,1
1,7052,714,342,104,680,1,249,44,10,0,9.8629,0
0,8340,96,496,90,481,1,71,46,11,0,85.9794,0
0,1125,652,298,100,869,1,247,28,12,0,1.7228,0
0,92,3685,3,15,17,1,4,0,23,1,0.025,1
1,4648,962,88,92,747,0,354,40,6,1,4.8266,0
1,4261,1236,235,81,269,0,354,33,14,0,3.4446,0
0,75,2024,5,19,5,0,1,0,27,1,0.037,1
0,2885,740,343,58,1376,1,340,41,5,0,3.8934,0
1,1016,939,122,81,82,1,144,26,7,0,1.0809,0
1,29,4356,9,2,20,1,4,1,25,0,0.0067,1
1,86,766,5,5,59,0,1,1,19,1,0.1121,1
1,4697,1860,332,101,240,1,92,48,10,0,2.5239,0
1,9560,1585,186,132,455,0,336,47,11,0,6.0277,0
0,23,4906,8,6,42,1,0,0,24,1,0.0047,1
1,3573,1813,229,42,654,1,432,25,5,1,1.9697,0
0,61,3456,1,6,15,0,1,0,18,1,0.0176,1
0,76,4164,4,11,19,0,4,0,16,1,0.0182,1
1,7755,1656,112,89,1446,1,368,3,7,0,4.6801,0
0,60,2127,6,8,25,1,0,0,20,0,0.0282,1
1,8178,1125,204,50,534,1,375,30,8,1,7.2629,0
1,7370,563,351,23,1759,1,158,14,10,0,13.0674,0
1,6661,210,279,75,287,1,55,17,12,0,31.5687,0
1,7283,1152,95,143,1285,1,55,28,5,0,6.3166,0
1,8052,800,124,82,1452,1,57,15,5,0,10.0524,0
1,4593,252,194,140,797,0,372,7,8,1,18.1542,0
1,1259,298,246,56,193,1,443,23,13,0,4.2107,0
1,2148,1801,185,121,312,1,236,43,5,1,1.192,0
1,3291,1059,48,55,1647,1,150,19,13,0,3.1047,0
1,8040,1326,498,29,759,1,280,4,10,1,6.0588,0
1,8845,1211,431,66,1140,1,80,16,6,0,7.2979,0
1,6277,1043,52,90,665,0,404,2,6,0,6.0125,0
0,60,2696,7,3,12,1,1,0,28,1,0.0222,1
1,74,523,6,12,16,1,1,1,20,1,0.1412,1
1,1884,1614,174,100,1781,1,51,29,7,0,1.1666,0
0,46,4433,9,18,1,0,1,1,16,1,0.0104,1
0,2188,1466,31,53,169,1,82,21,9,0,1.4915,0
1,154,199,155,125,358,0,143,20,11,0,0.77,0
1,536,1284,174,144,1420,1,223,9,5,1,0.4171,0
0,1436,554,211,56,703,1,470,19,12,1,2.5874,0
1,2637,1620,496,144,453,1,94,10,7,0,1.6268,0
1,6746,1288,80,75,978,1,484,42,10,0,5.2335,0
0,48,4820,2,5,37,0,0,1,27,1,0.01,1
1,9785,1739,45,67,1680,1,455,17,10,0,5.6236,0
0,28,1629,6,17,1,0,0,0,18,1,0.0172,1
1,6573,159,441,52,413,1,275,21,5,0,41.0812,0
0,27,3282,6,15,45,0,0,1,27,1,0.0082,1
0,60,2670,0,14,9,0,4,0,25,0,0.0225,1
0,3141,609,466,149,1376,0,365,26,7,1,5.1492,0
1,8284,1659,359,41,1921,0,359,3,14,0,4.9904,0
0,49,3901,4,17,19,0,2,0,19,1,0.0126,1
1,2939,1427,163,129,1198,1,256,5,10,0,2.0581,0
1,4290,324,188,89,1914,1,473,31,13,1,13.2,0
0,21,3916,2,9,41,0,4,0,16,1,0.0054,1
1,8922,1022,296,104,475,0,465,42,6,0,8.7214,0
1,6614,154,202,93,498,1,391,11,10,0,42.671,0
0,74,1793,1,16,54,0,1,1,16,1,0.0412,1
1,5305,272,12,105,1548,0,151,10,9,0,19.4322,0
1,9318,1760,119,23,1750,1,367,48,9,1,5.2913,0
0,72,4087,8,12,48,1,1,0,21,1,0.0176,1
1,3198,1150,451,47,304,0,391,23,14,0,2.7785,0
0,7360,401,42,66,683,1,218,33,12,0,18.3085,0
1,7681,1132,186,82,1017,1,316,34,6,0,6.7793,0
1,2927,1536,208,34,805,1,239,47,12,1,1.9044,0
1,1775,1034,61,107,1396,1,159,21,5,1,1.715,0
1,86,1656,6,7,16,0,4,1,27,1,0.0519,1
0,9987,544,370,101,638,1,496,48,5,0,18.3248,0
1,2180,106,385,112,330,1,366,13,8,0,20.3738,0
1,2739,1096,288,28,72,0,316,18,10,1,2.4968,0
1,702,1753,320,128,1802,0,119,5,5,0,0.4002,0
1,1429,197,498,128,423,1,199,19,9,1,7.2172,0
1,5180,1393,210,145,365,1,98,36,8,1,3.7159,0
0,58,2363,4,4,41,1,0,1,28,0,0.0245,1
0,0,2221,8,15,15,0,3,1,28,1,0.0,1
1,1356,123,364,91,1047,0,407,43,5,0,10.9355,0
1,89,4420,6,19,15,0,1,1,17,0,0.0201,1
0,14,3325,8,8,52,1,0,0,29,1,0.0042,1
1,7427,1504,303,89,1187,0,471,45,11,0,4.9349,0
0,3179,154,275,29,1579,1,165,31,9,1,20.5097,0
1,5989,150,65,95,895,0,240,43,11,1,39.6623,0
1,4587,267,231,35,337,0,71,44,6,0,17.1157,0
1,6552,1992,297,105,1317,1,374,10,11,1,3.2875,0
0,20,4946,3,1,32,1,4,0,15,1,0.004,1
0,84,617,1,14,14,0,3,0,19,1,0.1359,1
1,5806,1064,444,92,1718,1,196,7,14,0,5.4516,0
1,9028,198,228,141,1294,0,182,29,12,0,45.3668,0
1,9845,1117,70,142,1432,1,418,32,7,0,8.8059,0
1,8953,1172,36,108,1229,1,198,49,11,1,7.6326,0
1,8512,1593,47,133,1422,0,483,40,14,0,5.34,0
0,4,1386,6,18,31,0,1,0,21,1,0.0029,1
1,4940,252,334,76,1868,1,484,48,13,1,19.5257,0
1,7819,1415,357,43,1304,1,269,47,12,0,5.5219,0
1,3131,1402,196,50,1751,1,396,15,14,1,2.2316,0
1,70,1125,7,4,38,0,1,0,22,1,0.0622,1
1,4540,1147,196,81,1420,0,120,27,9,0,3.9547,0
1,4775,247,214,75,1882,0,184,28,6,0,19.254,0
1,4587,853,297,83,1026,0,211,18,9,0,5.3712,0
0,37,2572,9,12,59,1,4,0,23,1,0.0144,1
1,4201,626,277,88,1811,0,98,2,13,0,6.7002,0
1,1732,365,422,21,1924,0,453,47,8,0,4.7322,0
0,49,1476,1,4,46,0,0,1,25,1,0.0332,1
1,2471,1153,103,84,147,1,223,13,5,0,2.1412,0
1,2158,747,40,31,873,1,169,42,7,0,2.885,0
1,7989,1036,317,131,1375,1,128,18,7,0,7.704,0
1,2212,1868,46,65,1708,0,345,17,9,0,1.1835,0
1,44,3209,6,0,44,0,4,1,15,1,0.0137,1
1,8700,1262,473,142,1085,1,81,44,14,0,6.8884,0
1,3791,1061,150,38,66,0,63,41,10,1,3.5697,0
1,7420,1616,298,99,1606,0,393,8,9,0,4.5887,0
1,2231,1692,314,92,1645,1,277,24,10,0,1.3178,0
1,9429,1844,323,76,716,0,461,46,5,1,5.1106,0
1,4069,1140,122,63,731,1,241,16,9,0,3.5662,0
0,52,1783,0,11,3,0,1,1,21,1,0.0291,1
1,4658,1716,76,56,526,0,426,37,14,1,2.7129,0
1,2514,1991,185,104,1316,0,286,38,9,1,1.262,0
1,2638,1832,325,80,1585,0,442,23,5,1,1.4392,0
1,4478,1047,405,74,1390,1,426,34,9,0,4.2729,0
0,45,1364,3,9,24,0,4,0,25,1,0.033,1
1,648,1694,489,88,1203,1,453,8,12,1,0.3823,0
0,59,4485,7,6,33,1,3,0,22,1,0.0132,1
1,6314,1270,303,141,1877,1,48,27,5,1,4.9677,0
1,89,3633,3,9,12,1,0,0,26,1,0.0245,1
1,1545,1827,343,144,446,1,251,25,13,0,0.8452,0
0,5828,1674,312,104,226,0,81,43,9,0,3.4794,0
0,1823,1093,499,89,588,1,495,5,8,1,1.6664,0
0,99,1476,4,12,57,0,4,1,20,1,0.067,1
0,36,4563,6,0,31,0,3,0,22,1,0.0079,1
1,3603,1092,125,33,604,1,201,5,8,1,3.2964,0
1,6202,506,292,36,999,1,17,17,6,1,12.2327,0
0,40,3064,1,16,18,1,4,1,17,1,0.0131,1
0,82,3909,1,0,47,0,0,0,29,1,0.021,1
1,2534,1904,377,108,1243,0,409,30,5,1,1.3302,0
0,55,2296,8,2,35,0,1,1,26,0,0.0239,1
1,8076,1685,182,36,1139,0,76,6,7,0,4.79,0
1,7112,1996,63,96,1867,0,192,38,10,0,3.5613,0
1,7418,307,489,139,1261,0,351,44,12,1,24.0844,0
1,76,2642,8,6,23,1,4,0,15,1,0.0288,1
0,84,3381,9,15,37,0,4,1,27,1,0.0248,1
1,35,653,9,0,29,0,0,0,22,1,0.0535,1
1,7449,244,358,49,418,0,436,39,12,1,30.4041,0
1,5316,308,301,62,202,0,244,46,14,1,17.2039,0
1,8758,534,87,110,1682,0,461,40,8,0,16.3701,0
1,3130,1126,86,79,1897,1,121,32,9,0,2.7773,0
0,60,4416,2,17,19,0,4,1,22,0,0.0136,1
1,6300,1261,273,105,1919,1,146,27,6,0,4.9921,0
1,58,1595,7,15,44,0,1,0,22,1,0.0363,1
1,5029,541,198,85,869,1,258,13,13,1,9.2786,0
0,41,1840,5,17,6,0,4,0,25,1,0.0223,1
0,31,4012,6,0,29,0,1,0,21,1,0.0077,1
1,44,4733,1,5,8,0,3,1,29,1,0.0093,1
1,5255,1470,262,40,828,0,390,34,8,0,3.5724,0
0,27,569,5,11,23,0,4,0,24,1,0.0474,1
1,1933,1421,295,37,103,1,419,40,5,0,1.3594,0
1,1942,1132,389,149,1436,1,244,44,6,0,1.714,0
1,7462,1935,85,54,326,0,130,5,13,0,3.8543,0
1,1239,1062,200,20,1982,1,71,18,13,0,1.1656,0
0,9139,1696,214,147,1339,1,153,19,11,1,5.3854,0
1,3181,1369,476,131,1778,0,370,44,11,0,2.3219,0
0,477,746,143,51,423,0,155,5,13,0,0.6386,0
0,40,3867,2,16,2,1,4,1,18,1,0.0103,1
1,5195,1468,483,36,787,1,40,14,10,1,3.5364,0
1,5025,879,377,135,1256,1,293,40,10,0,5.7102,0
1,7195,658,316,102,114,1,136,45,5,1,10.9181,0
1,6797,352,473,57,198,1,266,8,5,0,19.255,0
0,44,734,3,5,33,0,3,0,17,1,0.0599,1
0,39,4052,3,13,36,1,4,1,22,0,0.0096,1
1,494,1015,216,43,210,1,191,42,13,0,0.4862,0
1,4303,221,467,74,1486,0,173,20,11,0,19.3829,0
1,79,2997,6,10,58,1,3,0,22,0,0.0264,1
1,4200,559,167,48,469,1,302,28,7,0,7.5,0
0,7992,1454,58,140,1924,1,371,14,10,0,5.4928,0
1,57,593,477,83,1477,0,358,36,10,0,0.096,0
1,710,765,276,21,1773,0,491,4,7,0,0.9269,0
0,29,4037,9,10,29,1,0,0,22,0,0.0072,1
0,30,1422,1,13,4,1,3,0,26,1,0.0211,1
0,30,2173,4,9,10,0,3,1,27,1,0.0138,1
0,83,560,7,6,6,0,3,1,17,1,0.148,1
1,543,948,91,107,938,1,420,13,11,1,0.5722,0
0,1856,1572,42,81,288,1,44,2,12,1,1.1799,0
1,1105,1904,21,82,1928,1,444,7,12,0,0.5801,0
1,3445,1253,13,145,234,0,494,42,6,0,2.7472,0
1,4907,1928,363,94,1885,1,75,24,13,0,2.5438,0
0,14,1616,8,16,9,1,0,1,18,1,0.0087,1
1,73,1859,3,12,16,0,4,1,24,1,0.0392,1
0,59,4849,0,19,43,1,3,1,23,0,0.0122,1
0,56,727,1,17,14,0,2,1,15,1,0.0769,1
1,5754,1069,412,73,468,1,416,22,11,0,5.3776,0
0,8670,684,227,140,1144,0,363,10,6,0,12.6569,0
1,8583,182,452,87,312,1,159,28,14,1,46.9016,0
1,8507,695,327,132,960,0,200,48,13,0,12.2227,0
0,47,1899,2,19,35,1,3,1,25,1,0.0247,1
1,7690,1168,378,60,1676,0,112,32,7,0,6.5783,0
0,27,4877,7,18,55,1,0,1,15,1,0.0055,1
0,24,4275,8,10,19,0,1,1,26,0,0.0056,1
1,2989,59,296,79,897,0,302,19,14,0,49.8167,0
1,6094,1489,225,99,1862,1,388,36,5,1,4.0899,0
1,9631,1521,10,82,276,0,275,21,11,1,6.3279,0
1,8642,1889,221,45,1195,1,248,13,9,1,4.5725,0
0,6,4960,2,14,1,0,0,1,25,0,0.0012,1
1,8960,905,158,90,180,0,265,33,9,1,9.8896,0
0,17,1750,0,17,50,1,1,0,28,1,0.0097,1
0,2,1302,3,17,58,1,0,1,24,0,0.0015,1
1,1201,1446,65,145,218,1,149,49,7,0,0.83,0
0,47,4455,5,13,11,0,1,0,23,1,0.0105,1
0,834,698,246,116,989,0,274,8,7,0,1.1931,0
1,6909,1646,259,61,1608,1,94,11,8,0,4.1949,0
1,1837,189,364,144,739,1,187,42,11,0,9.6684,0
1,5117,1330,309,57,302,0,424,4,11,0,3.8445,0
0,2219,1325,352,74,660,1,72,28,8,0,1.6735,0
0,36,1617,4,18,53,0,3,0,18,1,0.0222,1
1,7615,1830,374,23,643,0,26,22,13,0,4.1589,0
1,2561,296,227,136,476,1,56,7,12,0,8.6229,0
1,42,4412,9,16,12,1,2,0,23,1,0.0095,1
1,9969,1097,482,99,193,1,397,35,10,1,9.0792,0
0,50,4903,8,14,18,0,1,1,25,1,0.0102,1
1,2627,1662,54,134,1938,1,231,32,10,1,1.5797,0
1,4324,287,144,128,961,1,92,37,7,1,15.0139,0
0,92,803,4,9,55,0,1,1,21,1,0.1144,1
0,17,4121,0,3,51,1,2,0,25,0,0.0041,1
1,2865,924,217,115,85,0,132,37,12,0,3.0973,0
0,0,4338,5,10,53,0,3,1,27,1,0.0,1
1,3872,256,327,46,1840,0,357,26,14,0,15.0661,0
0,7,2177,0,15,18,1,0,0,17,1,0.0032,1
0,56,4683,0,15,8,1,4,0,22,1,0.012,1
1,93,4904,6,14,16,1,0,1,16,0,0.019,1
1,7148,1678,487,41,1436,1,496,48,10,0,4.2573,0
1,725,574,356,120,1410,1,498,15,14,0,1.2609,0
0,39,1256,0,19,34,1,4,0,21,0,0.031,1
0,94,3517,5,5,29,0,3,1,22,1,0.0267,1
1,3049,1912,179,58,128,0,390,22,6,0,1.5938,0
1,9085,623,128,56,705,0,499,49,12,0,14.5593,0
0,24,1154,4,2,49,0,4,0,24,1,0.0208,1
1,8837,595,85,116,975,1,295,25,12,0,14.8272,0
1,3039,968,405,112,422,1,286,16,14,0,3.1362,0
1,8268,1544,102,124,368,1,466,44,11,0,5.3515,0
1,6925,385,50,21,1790,1,207,44,9,0,17.9404,0
0,7546,661,265,68,1996,1,416,35,13,1,11.3988,0
1,7629,1332,111,23,1939,1,452,46,9,0,5.7232,0
1,5664,1867,190,45,1874,1,337,45,13,0,3.0321,0
0,73,1159,8,14,23,1,0,1,24,1,0.0629,1
1,6220,1102,280,148,119,0,450,4,7,0,5.6392,0
1,88,2778,7,18,54,1,4,0,20,1,0.0317,1
1,1467,524,152,130,149,1,342,33,9,0,2.7943,0
1,5289,342,313,20,631,1,158,12,7,1,15.4198,0
1,1866,302,141,135,1970,0,275,46,6,0,6.1584,0
0,8229,292,273,29,1022,1,280,24,11,0,28.0853,0
1,224,1589,320,85,1662,0,473,32,14,0,0.1409,0
1,6792,69,278,96,1638,0,408,18,10,0,97.0286,0
1,150,600,299,116,1383,0,362,13,6,0,0.2496,0
1,2552,1821,209,95,798,1,242,11,10,0,1.4007,0
1,9214,1676,201,98,145,0,433,38,6,0,5.4943,0
1,98,3546,0,11,28,1,0,1,15,1,0.0276,1
1,29,3775,2,16,52,0,1,1,25,0,0.0077,1
0,63,2311,7,8,7,0,1,0,25,0,0.0272,1
1,2632,351,263,34,1725,1,469,37,7,0,7.4773,0
1,43,4568,5,16,14,1,1,0,18,1,0.0094,1
0,38,4817,4,19,26,0,4,0,19,0,0.0079,1
1,7430,528,496,78,625,0,201,7,9,0,14.0454,0
1,6463,989,456,125,1305,1,35,46,7,0,6.5283,0
1,4112,358,236,115,245,1,282,33,10,0,11.454,0
1,7685,1696,219,20,117,1,220,45,12,0,4.5286,0
1,7673,137,29,33,192,1,43,17,11,0,55.6014,0
0,32,4359,4,14,36,0,2,0,27,1,0.0073,1
1,7944,1127,303,93,907,1,54,7,12,0,7.0426,0
1,2415,1347,392,128,1186,0,342,41,9,0,1.7915,0
1,174,586,203,147,1695,1,28,43,6,1,0.2964,0
0,48,1536,6,16,9,1,4,0,29,1,0.0312,1
0,25,4457,4,7,3,0,4,0,16,1,0.0056,1
1,5656,1916,259,78,774,0,243,48,5,1,2.9504,0
1,78,2563,9,5,6,1,3,1,18,1,0.0304,1
1,933,570,200,124,1283,1,96,22,11,0,1.634,0
1,5765,1507,380,67,1974,1,294,9,13,0,3.8229,0
1,4911,144,346,80,539,1,22,20,13,0,33.869,0
1,37,1438,0,13,6,1,3,0,26,1,0.0257,1
0,37,1703,7,7,8,0,1,1,29,1,0.0217,1
1,8584,1113,182,105,192,1,37,21,5,0,7.7056,0
0,6,1689,4,3,34,1,4,1,16,1,0.0036,1
0,72,2142,9,16,21,0,2,0,15,1,0.0336,1
0,92,3860,8,11,36,1,4,0,22,1,0.0238,1
0,79,2109,2,11,32,1,0,0,15,1,0.0374,1
0,27,2866,4,12,17,0,3,1,19,0,0.0094,1
1,6912,595,79,36,555,0,29,10,9,0,11.5973,0
1,5738,1668,490,148,328,0,463,7,5,0,3.438,0
1,7620,1636,485,106,1151,0,51,28,13,0,4.6549,0
0,70,1701,3,18,9,0,1,0,16,0,0.0411,1
1,9,2356,7,17,2,0,0,0,20,1,0.0038,1
1,4179,313,147,67,1778,0,63,15,12,0,13.3089,0
1,22,1306,4,15,16,0,1,1,27,1,0.0168,1
1,8450,1548,422,105,1454,0,464,35,11,0,5.4551,0
1,95,4512,1,2,1,0,4,0,23,1,0.0211,1
0,20,2671,1,9,24,1,4,0,18,1,0.0075,1
1,4265,631,421,114,158,0,160,7,6,1,6.7484,0
0,59,746,1,11,39,0,0,0,22,1,0.079,1
1,46,4341,0,6,45,1,4,0,24,1,0.0106,1
1,80,3588,3,4,23,1,1,1,26,1,0.0223,1
0,28,1550,1,7,10,0,4,1,16,0,0.0181,1
0,61,3420,4,1,2,1,1,1,16,0,0.0178,1
1,9902,1755,56,24,276,1,302,35,13,0,5.639,0
0,16,1366,9,16,59,0,0,0,19,1,0.0117,1
0,5231,540,282,39,62,1,408,49,12,0,9.6691,0
1,922,1191,163,53,708,1,124,14,9,0,0.7735,0
1,3,4530,3,9,28,0,2,1,26,1,0.0007,1
1,2448,192,464,55,1481,1,215,4,5,0,12.6839,0
1,9028,788,469,88,581,1,406,36,7,0,11.4423,0
1,7044,887,177,128,487,0,364,5,5,0,7.9324,0
0,42,3327,5,11,27,1,1,0,17,1,0.0126,1
0,6665,668,433,39,966,0,164,22,6,0,9.9626,0
1,20,658,4,13,25,1,3,1,21,1,0.0303,1
1,1188,1163,221,57,1678,1,369,39,8,0,1.0206,0
1,7680,169,473,147,782,0,142,6,14,0,45.1765,0
1,2480,65,448,97,928,1,141,37,12,0,37.5758,0
1,99,856,8,15,10,1,4,1,18,1,0.1155,1
1,6590,1247,264,40,1547,1,450,6,10,1,5.2804,0
0,35,1940,4,7,56,1,1,1,26,1,0.018,1
1,3414,343,105,20,980,1,417,44,12,1,9.9244,0
0,51,3662,5,15,2,1,2,0,20,1,0.0139,1
0,13,4571,0,10,27,1,0,0,19,1,0.0028,1
1,6815,476,141,75,502,1,140,27,8,1,14.2872,0
1,7268,417,468,123,1978,1,355,29,9,1,17.3876,0
0,7,1444,9,6,19,0,4,1,22,1,0.0048,1
1,3007,614,425,125,155,1,48,41,14,0,4.8894,0
0,25,3614,2,13,27,1,3,0,15,0,0.0069,1
1,70,3533,6,19,7,1,2,0,24,1,0.0198,1
